anon_id,v_class,topic,thread_hash,r,v,topic_order_hash,sort_key_hash,source_created_at,n_reactions,reaction_ts_missing,in_15m,in_60m,in_360m,no_candidate_15m
SES-P0-001,true,germanwings-crash,fae76178c4a7e70b,rumour,true,2faad5a54cfeca11,0177a3207ae32f83,Tue Mar 24 10:46:01 +0000 2015,30,0,18,29,29,False
SES-P0-002,true,ottawashooting,91d593781690a675,rumour,true,396b5a2047f90a3b,005ea74bb7f5fe4d,Wed Oct 22 16:17:11 +0000 2014,5,0,3,4,4,False
SES-P0-003,true,gurlitt,a303bc90e76e1510,rumour,true,7848026f21594829,0305762c8f740a1b,Mon Nov 24 11:32:58 +0000 2014,0,0,0,0,0,True
SES-P0-004,true,ferguson,af402b09b4a5e737,rumour,true,78d3c5c059cb1b18,18e0b7c157938c30,Fri Aug 15 19:14:50 +0000 2014,4,0,3,3,4,False
SES-P0-005,true,sydneysiege,33f35c64e661ab13,rumour,true,881cbad8f548e15a,00151e629926a180,Mon Dec 15 15:16:25 +0000 2014,4,0,2,3,4,False
SES-P0-006,true,charliehebdo,cb27a83b280b4966,rumour,true,d96033dea97fd483,002b1a1539889fc9,Wed Jan 07 11:14:38 +0000 2015,3,0,3,3,3,False
SES-P0-007,true,germanwings-crash,f2965a43f925fb53,rumour,true,2faad5a54cfeca11,0309335961f6abfc,Tue Mar 24 12:38:59 +0000 2015,23,0,8,16,23,False
SES-P0-008,true,ottawashooting,8c610d67e62cd90d,rumour,true,396b5a2047f90a3b,01d54c5349958f3a,Wed Oct 22 17:33:56 +0000 2014,19,0,11,18,19,False
SES-P0-009,true,gurlitt,1d71dda137abcd35,rumour,true,7848026f21594829,04fed467e7e161af,Mon Nov 24 10:14:41 +0000 2014,0,0,0,0,0,True
SES-P0-010,true,ferguson,fcea9e6b1ae4de6b,rumour,true,78d3c5c059cb1b18,1da7b39ecc71ff10,Fri Aug 15 19:59:32 +0000 2014,88,0,10,27,74,False
SES-P0-011,true,sydneysiege,6e0207c0d9feb1b2,rumour,true,881cbad8f548e15a,00e4c4ca8bfb04c0,Mon Dec 15 06:50:44 +0000 2014,48,0,7,32,46,False
SES-P0-012,true,charliehebdo,2410ff8ba8d09b2e,rumour,true,d96033dea97fd483,0335c8f50f1e26e6,Wed Jan 07 12:30:16 +0000 2015,3,0,0,1,3,True
SES-P0-013,true,germanwings-crash,912c880f7f300028,rumour,true,2faad5a54cfeca11,0403cdfbeb9d8b21,Thu Mar 26 12:03:37 +0000 2015,1,0,1,1,1,False
SES-P0-014,true,ottawashooting,e5b3f142843d2a1d,rumour,true,396b5a2047f90a3b,028bed4b1cd5b52b,Wed Oct 22 22:23:29 +0000 2014,48,0,19,24,38,False
SES-P0-015,true,gurlitt,f56106fcf78af26c,rumour,true,7848026f21594829,05c4325cdfb11d64,Mon Nov 24 10:14:24 +0000 2014,0,0,0,0,0,True
SES-P0-016,true,ferguson,8a52a1ed00d8ddd8,rumour,true,78d3c5c059cb1b18,2e2c5ef385f8c243,Fri Aug 15 21:08:04 +0000 2014,17,0,5,8,11,False
SES-P0-017,true,sydneysiege,a396e0bcc0a54d00,rumour,true,881cbad8f548e15a,01381cfc0527051d,Sun Dec 14 23:57:37 +0000 2014,23,0,5,12,18,False
SES-P0-018,true,charliehebdo,02e48b6e46f41fb8,rumour,true,d96033dea97fd483,03456560ea625de5,Fri Jan 09 14:28:40 +0000 2015,13,0,8,12,12,False
SES-P0-019,true,germanwings-crash,97cb229ffa5fbccc,rumour,true,2faad5a54cfeca11,072d8568b28e5897,Tue Mar 24 13:00:41 +0000 2015,7,0,1,3,6,False
SES-P0-020,true,ottawashooting,353cf28108cb4704,rumour,true,396b5a2047f90a3b,043a67c7179eef12,Wed Oct 22 16:46:07 +0000 2014,18,0,0,7,18,True
SES-P0-021,false,germanwings-crash,45c398a25f0a928f,rumour,false,2faad5a54cfeca11,00e897288a07f44e,Tue Mar 24 10:55:03 +0000 2015,0,0,0,0,0,True
SES-P0-022,false,ebola-essien,db5115db72752e98,rumour,false,308052450100c2e1,06546db824276525,Sun Oct 12 17:53:56 +0000 2014,4,0,3,3,4,False
SES-P0-023,false,ottawashooting,1242c6280d373e90,rumour,false,396b5a2047f90a3b,00ac1412269f43ae,Wed Oct 22 15:44:34 +0000 2014,3,0,3,3,3,False
SES-P0-024,false,prince-toronto,c87dbd2eb3d69aab,rumour,false,3a4e0df5854fcd64,002d11913f351267,Tue Nov 04 16:28:06 +0000 2014,4,0,3,4,4,False
SES-P0-025,false,ferguson,d2e21e04db5c5cc4,rumour,false,78d3c5c059cb1b18,64ec281b65d12b4a,Sun Aug 10 02:26:49 +0000 2014,19,0,4,19,19,False
SES-P0-026,false,sydneysiege,259cb3dbcd28808c,rumour,false,881cbad8f548e15a,01b372774db8e62d,Mon Dec 15 00:39:28 +0000 2014,15,0,9,11,15,False
SES-P0-027,false,putinmissing,27e8173dcd2ea3cf,rumour,false,9dfa690dac8194f4,010590f7e7af000f,Fri Mar 13 01:26:40 +0000 2015,1,0,1,1,1,False
SES-P0-028,false,charliehebdo,0adb86cae917992e,rumour,false,d96033dea97fd483,000dec4ea2472948,Fri Jan 09 09:15:09 +0000 2015,21,0,4,13,16,False
SES-P0-029,false,germanwings-crash,2220c8a7b0350b26,rumour,false,2faad5a54cfeca11,045ed011d40e3c30,Fri Mar 27 03:14:54 +0000 2015,20,0,3,10,14,False
SES-P0-030,false,ebola-essien,5ff08f0f046915fa,rumour,false,308052450100c2e1,0f2aa6aef80fbf39,Sun Oct 12 14:44:23 +0000 2014,26,0,4,10,26,False
SES-P0-031,false,ottawashooting,9aef55d003877d8e,rumour,false,396b5a2047f90a3b,00cdf47976f62584,Wed Oct 22 15:53:05 +0000 2014,18,0,9,15,18,False
SES-P0-032,false,prince-toronto,60af38d41fe839fd,rumour,false,3a4e0df5854fcd64,027e93c845b017f1,Tue Nov 04 14:11:19 +0000 2014,2,0,0,0,2,True
SES-P0-033,false,ferguson,2d48473b299d5616,rumour,false,78d3c5c059cb1b18,7204a7239bc7b0c3,Wed Aug 13 14:38:04 +0000 2014,8,0,4,6,7,False
SES-P0-034,false,sydneysiege,adc61b547c4fd29d,rumour,false,881cbad8f548e15a,055f1cfa68e80d21,Mon Dec 15 03:01:56 +0000 2014,0,0,0,0,0,True
SES-P0-035,false,putinmissing,9948d1910614f1a1,rumour,false,9dfa690dac8194f4,11eb57ffee69278b,Fri Mar 13 13:35:44 +0000 2015,0,0,0,0,0,True
SES-P0-036,false,charliehebdo,a4d2c205f73eb909,rumour,false,d96033dea97fd483,00335657c5de8154,Thu Jan 08 00:30:18 +0000 2015,19,0,5,12,19,False
SES-P0-037,false,germanwings-crash,1245a7bedeeef2ce,rumour,false,2faad5a54cfeca11,0ea517ce8ef2c3ca,Fri Mar 27 03:29:30 +0000 2015,24,0,13,23,24,False
SES-P0-038,false,ebola-essien,91999d99fb66eb30,rumour,false,308052450100c2e1,19e18391890e02ad,Sun Oct 12 18:32:52 +0000 2014,18,0,17,17,17,False
SES-P0-039,false,ottawashooting,342635fc88e5d8a4,rumour,false,396b5a2047f90a3b,017507206460214f,Wed Oct 22 15:52:01 +0000 2014,19,0,18,19,19,False
SES-P0-040,false,prince-toronto,0f825913b7352361,rumour,false,3a4e0df5854fcd64,0317a363b860de64,Tue Nov 04 15:14:57 +0000 2014,6,0,1,1,4,False
SES-P0-041,unverified,germanwings-crash,4afa0c56d556efbe,rumour,unverified,2faad5a54cfeca11,074a111ef8fa11ae,Fri Mar 27 09:55:28 +0000 2015,12,0,6,8,12,False
SES-P0-042,unverified,ottawashooting,9dd13ac73872e2d6,rumour,unverified,396b5a2047f90a3b,01c8887915ef6d5d,Wed Oct 22 17:09:39 +0000 2014,9,0,4,5,5,False
SES-P0-043,unverified,prince-toronto,2551365ea0150652,rumour,unverified,3a4e0df5854fcd64,0b6fcf31fe25c27f,Tue Nov 04 21:50:07 +0000 2014,0,0,0,0,0,True
SES-P0-044,unverified,gurlitt,3e95aaa463a7e545,rumour,unverified,7848026f21594829,71ba4e375f10e6c5,Thu Nov 20 03:15:39 +0000 2014,0,0,0,0,0,True
SES-P0-045,unverified,ferguson,2913db9a576cb597,rumour,unverified,78d3c5c059cb1b18,011d13e29f3392ab,Fri Aug 15 19:58:27 +0000 2014,10,0,5,7,9,False
SES-P0-046,unverified,sydneysiege,803c86ffb2967552,rumour,unverified,881cbad8f548e15a,059aa8ba109c0ed5,Mon Dec 15 00:25:57 +0000 2014,10,0,0,6,10,True
SES-P0-047,unverified,putinmissing,b4e670a1a769c0a7,rumour,unverified,9dfa690dac8194f4,014dd3ce422177fe,Fri Mar 13 22:23:44 +0000 2015,1,0,1,1,1,False
SES-P0-048,unverified,charliehebdo,d0a5687ac8f6c45d,rumour,unverified,d96033dea97fd483,01f9f661d734a043,Wed Jan 07 12:40:19 +0000 2015,19,0,7,15,19,False
SES-P0-049,unverified,germanwings-crash,396b193a80cc9466,rumour,unverified,2faad5a54cfeca11,3117acb82c25f5c8,Tue Mar 24 10:50:07 +0000 2015,4,0,2,3,4,False
SES-P0-050,unverified,ottawashooting,b156b0a37c80e53c,rumour,unverified,396b5a2047f90a3b,074e03cb9df92c69,Wed Oct 22 16:19:29 +0000 2014,6,0,4,5,6,False
SES-P0-051,unverified,prince-toronto,e07fef72c91129a9,rumour,unverified,3a4e0df5854fcd64,34390a691113f49e,Wed Nov 05 03:00:34 +0000 2014,4,0,3,4,4,False
SES-P0-052,unverified,gurlitt,9e349dd8ca2aa682,rumour,unverified,7848026f21594829,76a03b2d028f5466,Thu Nov 20 11:43:07 +0000 2014,0,0,0,0,0,True
SES-P0-053,unverified,ferguson,3d1f12f1b015b552,rumour,unverified,78d3c5c059cb1b18,03d43d407f683737,Fri Aug 15 14:01:31 +0000 2014,21,0,17,18,21,False
SES-P0-054,unverified,sydneysiege,2093d952e1338574,rumour,unverified,881cbad8f548e15a,07ee7b3fa325118a,Mon Dec 15 01:52:34 +0000 2014,7,0,5,6,7,False
SES-P0-055,unverified,putinmissing,83096a3067abb69a,rumour,unverified,9dfa690dac8194f4,01793a61ba9a7969,Fri Mar 13 05:09:17 +0000 2015,0,0,0,0,0,True
SES-P0-056,unverified,charliehebdo,b94e466f38d3a017,rumour,unverified,d96033dea97fd483,035b5e661946cd72,Thu Jan 08 10:31:15 +0000 2015,37,0,14,27,37,False
SES-P0-057,unverified,germanwings-crash,4e2683b8a43f00a9,rumour,unverified,2faad5a54cfeca11,38ae02fdae653d84,Tue Mar 24 11:32:55 +0000 2015,0,0,0,0,0,True
SES-P0-058,unverified,ottawashooting,3efafe94cd50ad3c,rumour,unverified,396b5a2047f90a3b,0a6c38b116758d67,Wed Oct 22 16:21:32 +0000 2014,2,0,1,2,2,False
SES-P0-059,unverified,prince-toronto,775cdaa2689e0a0c,rumour,unverified,3a4e0df5854fcd64,75baf87852d9a83e,Tue Nov 04 20:42:30 +0000 2014,11,0,2,3,11,False
SES-P0-060,unverified,ferguson,a09c5e84570b1376,rumour,unverified,78d3c5c059cb1b18,03ecdf018393c115,Fri Aug 15 16:40:40 +0000 2014,11,0,7,8,10,False
