anon_id,v_class,topic,thread_hash,n_reactions,in_15m,in_60m,in_360m,no_candidate_15m,paraphrase_state,paraphrase_evidence,attribution_state,attribution_evidence,dependency_state,dependency_evidence,content_role,support_relation,correction_candidate,correction_evidence,temporal_availability,notes,provisional
SES-P0-001,true,germanwings-crash,fae76178c4a7e70b,30,18,29,29,False,explicit_repetition,R002/R010 verbatim RT of source; R008/R014 share quoted fragment,explicit_citation,RT @flightradar24 prefix on R002/R010,shared_upstream_verifiable,R002/R010 cite same upstream account @flightradar24; R024-R028 (21.4-22.1min) post same URL t.co/7h7DYxczTy,fact_basis + endorsement mixed,supports crash claim by citing flight radar,unknown,no correction signal in visible rows,REPLY_TIME_VERIFIABLE_CONTENT_UNKNOWN,same official upstream echoed; URL cluster at 21.4-22.1min is inside 60min but OUTSIDE the 15min cutoff; cited blogspot content not checked,1
SES-P0-002,true,ottawashooting,91d593781690a675,5,3,4,4,False,none,no repetition signal in visible rows,unclear,,unknown,,other (reaction),reactions are reactions not evidence,unknown,,UNKNOWN,few rows; audit note only,1
SES-P0-003,true,gurlitt,a303bc90e76e1510,0,0,0,0,True,none,no reactions,none,,unknown,no candidate rows at any cutoff,unknown,no support or refute possible,unknown,,NO_CANDIDATE,zero-candidate snapshot at all cutoffs,1
SES-P0-004,true,ferguson,af402b09b4a5e737,4,3,3,4,False,explicit_repetition,R002/R003 chained RT of R001 text,explicit_citation,chained RT prefixes visible,shared_upstream_verifiable,chained RT shows one comment propagated along reply path,opinion_endorsement,endorsement of quoted police statement,unknown,,REPLY_TIME_VERIFIABLE_CONTENT_UNKNOWN,opinion echo along one path; not independent fact basis,1
SES-P0-005,true,sydneysiege,33f35c64e661ab13,4,2,3,4,False,paraphrase_candidate,R002 rephrases source content,explicit_citation,RT @BuzzFeedNews cites other outlet,distinct_upstream_candidates,BuzzFeed vs abcnews as separate media upstreams,endorsement,echoes siege report,unknown,,REPLY_TIME_VERIFIABLE_CONTENT_UNKNOWN,cross-outlet paraphrase candidate; independence not verifiable from text alone,1
SES-P0-006,true,charliehebdo,cb27a83b280b4966,3,3,3,3,False,unknown,rows not flagged by signals,unclear,,unknown,,other,unknown,unknown,,UNKNOWN,low signal thread,1
SES-P0-007,true,germanwings-crash,f2965a43f925fb53,23,8,16,23,False,explicit_repetition,R002/R003/R012/R017 cluster on bbc.in/1EMTxMz; R004/R005/R006/R010/R011 cluster on bbc.in/1LSgxjV,explicit_citation,RT/quote @BBCBreaking and Hollande attribution,shared_upstream_verifiable,two distinct BBC URL clusters (4x and 5x sharers),mixed: endorsement + correction requests,see content_role/notes,no,R008/R012 target SIDE claims (nationalities) or restate root from same BBC outlet; not independent root correction,REPLY_TIME_VERIFIABLE_CONTENT_UNKNOWN,"two same-outlet echo clusters; BBC short links unarchived, current redirect is a live page (content UNKNOWN); see P0R1 ledger",1
SES-P0-008,true,ottawashooting,8c610d67e62cd90d,19,11,18,19,False,explicit_repetition,R001/R003/R012-R019 near-verbatim RT of same CNN text,explicit_citation,RT @CNN on most rows,shared_upstream_verifiable,single upstream tweet @CNN echoed 0.8-179.6min,endorsement,echo confirms soldier death report,unknown,no correction signal,REPLY_TIME_VERIFIABLE_CONTENT_UNKNOWN,large same-upstream echo cluster; timestamps spread across all cutoffs,1
SES-P0-009,true,gurlitt,1d71dda137abcd35,0,0,0,0,True,none,no reactions,none,,unknown,,unknown,unknown,unknown,,NO_CANDIDATE,zero-candidate snapshot,1
SES-P0-010,true,ferguson,fcea9e6b1ae4de6b,88,10,27,74,False,paraphrase_candidate,R001/R066 RT of source text,explicit_citation,RT prefix,shared_upstream_verifiable,R001/R066 same upstream text,opinion + challenge mixed,supports police-chief claim mainly,unknown,R078 @380.75min asks if robbery video is fake; R076 @370.08min disagrees; both AFTER 360min cutoff,AFTER_CUTOFF_ONLY,challenges exist but outside all cutoffs; inside cutoff mostly echo,1
SES-P0-011,true,sydneysiege,6e0207c0d9feb1b2,48,7,32,46,False,none,no verbatim echo flagged,unclear,,unknown,,opinion + challenge mixed,mostly reaction,unknown,R002 @6.8min false-flag conspiracy frame; contradicts event reality; not evidence-based,REPLY_TIME_VERIFIABLE_CONTENT_UNKNOWN,ineffective correction candidate present inside cutoff; shows harmful-correction risk,1
SES-P0-012,true,charliehebdo,2410ff8ba8d09b2e,3,0,1,3,True,explicit_repetition,R001/R002 RT @SkyNews,explicit_citation,RT prefix,shared_upstream_verifiable,same upstream @SkyNews,endorsement,echo of death toll,unknown,,REPLY_TIME_VERIFIABLE_CONTENT_UNKNOWN,small echo cluster,1
SES-P0-013,true,germanwings-crash,912c880f7f300028,1,1,1,1,False,unknown,single row,unclear,,unknown,,other,unknown,unknown,,UNKNOWN,low signal,1
SES-P0-014,true,ottawashooting,e5b3f142843d2a1d,48,19,24,38,False,paraphrase_candidate,R001/R006/R015/R016 quote @CBCOttawa photo tweet,explicit_citation,quote attribution @CBCOttawa,shared_upstream_verifiable,same CBC upstream,attribution challenge -> confirmation,yes (attribution resolved in tree),no,R008/R010 attribution questions; R017 same-outlet confirmation; R024 chain retracing,REPLY_TIME_VERIFIABLE_CONTENT_UNKNOWN,attribution challenge resolved within same CBC chain; no independent upstream; no material cited; see P0R1 ledger,1
SES-P0-015,true,gurlitt,f56106fcf78af26c,0,0,0,0,True,none,no reactions,none,,unknown,,unknown,unknown,unknown,,NO_CANDIDATE,zero-candidate snapshot,1
SES-P0-016,true,ferguson,8a52a1ed00d8ddd8,17,5,8,11,False,explicit_repetition,R001/R010 RT of source,explicit_citation,RT prefix,shared_upstream_verifiable,same text upstream,opinion_endorsement,endorsement with sarcasm frame,unknown,,REPLY_TIME_VERIFIABLE_CONTENT_UNKNOWN,echo plus opinion,1
SES-P0-017,true,sydneysiege,a396e0bcc0a54d00,23,5,12,18,False,explicit_repetition,R003/R013/R015 quote/RT @CBCNews text,explicit_citation,@CBCNews / MT @alanhabbickcbc,shared_upstream_verifiable,same CBC upstream,endorsement,echo,unknown,,REPLY_TIME_VERIFIABLE_CONTENT_UNKNOWN,standard news echo,1
SES-P0-018,true,charliehebdo,02e48b6e46f41fb8,13,8,12,12,False,unknown,rows not flagged,unclear,,unknown,,other,unknown,unknown,R009 @18.37min replies with link after word 'actually'; intent unclear,REPLY_TIME_VERIFIABLE_CONTENT_UNKNOWN,possible correction candidate needs deep check,1
SES-P0-019,true,germanwings-crash,97cb229ffa5fbccc,7,1,3,6,False,explicit_repetition,R001/R002 verbatim RT @FoxNews,explicit_citation,RT @FoxNews,shared_upstream_verifiable,same Fox upstream,endorsement,echo of no-survivors update,unknown,,REPLY_TIME_VERIFIABLE_CONTENT_UNKNOWN,small echo,1
SES-P0-020,true,ottawashooting,353cf28108cb4704,18,0,7,18,True,explicit_repetition,R008/R012 quote @dexterdyne,explicit_citation,quote prefix,shared_upstream_verifiable,same upstream,endorsement,echo of photo narrative,unknown,,REPLY_TIME_VERIFIABLE_CONTENT_UNKNOWN,echo,1
SES-P0-021,false,germanwings-crash,45c398a25f0a928f,0,0,0,0,True,none,no reactions,none,,unknown,,unknown,unknown,unknown,,NO_CANDIDATE,zero-candidate; earlier conflicting toll vs other threads same event,1
SES-P0-022,false,ebola-essien,db5115db72752e98,4,3,3,4,False,explicit_repetition,R003 RT @Milanello text,explicit_citation,RT @Milanello,shared_upstream_verifiable,@Milanello (club account) upstream,other (source post is itself a denial),source post denies rumour; label refers to rumour claim,no,,REPLY_TIME_VERIFIABLE_CONTENT_UNKNOWN,thread-level rumour=false while source text is the club denial; label vs content mismatch recorded,1
SES-P0-023,false,ottawashooting,1242c6280d373e90,3,3,3,3,False,paraphrase_candidate,R001 rephrases @ErinAnderssen,explicit_citation,@ErinAnderssen cite,distinct_upstream_candidates,journalist vs police chain unclear,endorsement,echo police info,unknown,,REPLY_TIME_VERIFIABLE_CONTENT_UNKNOWN,small thread; low signal,1
SES-P0-024,false,prince-toronto,c87dbd2eb3d69aab,4,3,4,4,False,unknown,rows not flagged,unclear,,unknown,,other,unknown,unknown,,REPLY_TIME_VERIFIABLE_CONTENT_UNKNOWN,low signal,1
SES-P0-025,false,ferguson,d2e21e04db5c5cc4,19,4,19,19,False,explicit_repetition,R001 verbatim RT of source,explicit_citation,RT prefix,shared_upstream_verifiable,same text,opinion_endorsement,echo,unknown,,REPLY_TIME_VERIFIABLE_CONTENT_UNKNOWN,rumour claim 'shot ten times' contested vs records; no correction row visible,1
SES-P0-026,false,sydneysiege,259cb3dbcd28808c,15,9,11,15,False,explicit_repetition,R002/R004/R008/R014 same @CBCAlerts text with same URL,explicit_citation,RT/quote @CBCAlerts,shared_upstream_verifiable,URL cbc.ca/1.2873068 shared by 4 users at 1.2-78.6min,yes correction rows present,R001 @0.4min corrects airspace claim; R007 @10.2min asks to check sources and names TFR; R015 @151.9min flags unsubstantiated ISIS-style claim,unknown,R001 assertion-only denial @0.4min without link; R007 source-check question; R015 side-claim question,REPLY_TIME_VERIFIABLE_CONTENT_UNKNOWN,cited URL today resolves to a different story; cutoff-time content identity UNKNOWN; fails all-item-verifiable rule (see P0R1 pair audit),1
SES-P0-027,false,putinmissing,27e8173dcd2ea3cf,1,1,1,1,False,unknown,single row,unclear,,unknown,,other,unknown,unknown,,UNKNOWN,low signal,1
SES-P0-028,false,charliehebdo,0adb86cae917992e,21,4,13,16,False,explicit_repetition,R001 quote of @BBCBreaking source text,explicit_citation,RT/quote @BBCBreaking; R003 cites BBC item,shared_upstream_verifiable,@BBCBreaking upstream; correction rows cite bbc.in link,yes correction rows,see content_role/notes,unknown,"R003 prosecutor denial with bbc.in link @11.28min; R004 is in-tree propagation of R003, not new independent support",REPLY_TIME_VERIFIABLE_CONTENT_UNKNOWN,strongest candidate; cited link unarchived and current redirect is a live page -> historical content UNKNOWN; fails all-item-verifiable rule,1
SES-P0-029,false,germanwings-crash,2220c8a7b0350b26,20,3,10,14,False,explicit_repetition,R005/R011 RT @daxtonbrown rumour text,explicit_citation,RT of @daxtonbrown; annotation carries FOR blog + AGAINST blog (gawker debunk),shared_upstream_verifiable,same rumour source; AGAINST debunk exists only in annotation,correction after cutoff,see content_role/notes,unknown,R017 @521.62min 'it's not true sir' refutes convert claim,AFTER_CUTOFF_ONLY,no in-cutoff correction; annotation AGAINST debunk is audit-only and never cited in tree; R017 denial @521.6min,1
SES-P0-030,false,ebola-essien,5ff08f0f046915fa,26,4,10,26,False,explicit_repetition,R001-R019 verbatim quote @YuryAlkaev rumour text,explicit_citation,quote @YuryAlkaev; R019 via @jeremyweate,shared_upstream_verifiable,rumour origin account echoed 5.75-85min; annotation carries 4 AGAINST links (player Instagram denial + 3 media),misinformation propagation + source challenge,echo dominant; R009/R010 @35-36min propagate forged club-spokesman quote (wrong material),no,assertion-only disbelief and a source-demand question; forged club-spokesman quote propagates (R009/R010/R020),REPLY_TIME_VERIFIABLE_CONTENT_UNKNOWN,no evidential correction in tree; annotation 4x AGAINST is audit-only; reverse case for pair design,1
SES-P0-031,false,ottawashooting,9aef55d003877d8e,18,9,15,18,False,explicit_repetition,R002-R017 quote @CBCOttawa same text,explicit_citation,quote @CBCOttawa,shared_upstream_verifiable,same CBC upstream,endorsement,echo police scene report,unknown,,REPLY_TIME_VERIFIABLE_CONTENT_UNKNOWN,V=false label questionable for police-report echo; label semantics case,1
SES-P0-032,false,prince-toronto,60af38d41fe839fd,2,0,0,2,True,unknown,rows not flagged,unclear,,unknown,,other,unknown,unknown,,UNKNOWN,low signal,1
SES-P0-033,false,ferguson,2d48473b299d5616,8,4,6,7,False,explicit_repetition,R001 verbatim same text; R002/R007 RT @aterkel chain,explicit_citation,RT chain visible,shared_upstream_verifiable,source itself is RT of @bonedog84; echo continues same chain,endorsement,echo,unknown,,REPLY_TIME_VERIFIABLE_CONTENT_UNKNOWN,RT-chain within RT; single upstream provenance,1
SES-P0-034,false,sydneysiege,adc61b547c4fd29d,0,0,0,0,True,none,no reactions,none,,unknown,,unknown,unknown,unknown,,NO_CANDIDATE,zero-candidate,1
SES-P0-035,false,putinmissing,9948d1910614f1a1,0,0,0,0,True,none,no reactions,none,,unknown,,unknown,unknown,unknown,,NO_CANDIDATE,zero-candidate,1
SES-P0-036,false,charliehebdo,a4d2c205f73eb909,19,5,12,19,False,explicit_repetition,R002-R019 same @HuffPostCanada text 2.05-232.18min,explicit_citation,"quote @HuffPostCanada; annotation carries 2 FOR + 1 observing + 2 AGAINST (businessinsider fake-attribution,  emergent.info)",shared_upstream_verifiable,same upstream across 4h; AGAINST debunk links in annotation only,endorsement,endorsement echo dominates,unknown,no in-tree correction; AGAINST debunks exist only in annotation (audit-only),REPLY_TIME_VERIFIABLE_CONTENT_UNKNOWN,"long-horizon echo 2.05-232.18min; annotation carries 2 FOR + 1 observing + 2 AGAINST, never cited in tree",1
SES-P0-037,false,germanwings-crash,1245a7bedeeef2ce,24,13,23,24,False,paraphrase_candidate,rows share 'GERMAN NEWS' phrase,unclear,,shared URL cluster,R007/R011/R013 share same RE URL at 10.6-14.8min,endorsement,echo conspiratorial frame,unknown,,REPLY_TIME_VERIFIABLE_CONTENT_UNKNOWN,same-URL cluster inside 15min; conspiracy thread,1
SES-P0-038,false,ebola-essien,91999d99fb66eb30,18,17,17,17,False,unknown,rows not flagged by signals,unclear,,unknown,,other,source post is player's own denial,unknown,,REPLY_TIME_VERIFIABLE_CONTENT_UNKNOWN,self-denial thread labelled rumour false; label semantics case,1
SES-P0-039,false,ottawashooting,342635fc88e5d8a4,19,18,19,19,False,unknown,rows not flagged,unclear,,unknown,,endorsement,echo police info,unknown,,REPLY_TIME_VERIFIABLE_CONTENT_UNKNOWN,needs deep check for echo structure,1
SES-P0-040,false,prince-toronto,0f825913b7352361,6,1,1,4,False,unknown,rows not flagged,unclear,,unknown,,other,unknown,unknown,,UNKNOWN,low signal,1
SES-P0-041,unverified,germanwings-crash,4afa0c56d556efbe,12,6,8,12,False,explicit_repetition,R004-R012 quote @USATODAY same text 7.05-245.6min,explicit_citation,quote @USATODAY,shared_upstream_verifiable,same USA Today upstream,endorsement,echo depressive-episode report,unknown,,REPLY_TIME_VERIFIABLE_CONTENT_UNKNOWN,echo across >4h horizon,1
SES-P0-042,unverified,ottawashooting,9dd13ac73872e2d6,9,4,5,5,False,unknown,rows not flagged,unclear,,unknown,,other,unknown,unknown,,UNKNOWN,low signal,1
SES-P0-043,unverified,prince-toronto,2551365ea0150652,0,0,0,0,True,none,no reactions,none,,unknown,,unknown,unknown,unknown,,NO_CANDIDATE,zero-candidate,1
SES-P0-044,unverified,gurlitt,3e95aaa463a7e545,0,0,0,0,True,none,no reactions,none,,unknown,,unknown,unknown,unknown,,NO_CANDIDATE,zero-candidate,1
SES-P0-045,unverified,ferguson,2913db9a576cb597,10,5,7,9,False,none,no verbatim echo flagged,unclear,,unknown,,correction candidate (satire mismatch),source is satire account; reaction takes it literally,unknown,R004 @4.23min challenges accuracy citing robbery suspect status,REPLY_TIME_VERIFIABLE_CONTENT_UNKNOWN,correction aimed at satire text; role assignment ambiguous,1
SES-P0-046,unverified,sydneysiege,803c86ffb2967552,10,0,6,10,True,explicit_repetition,R001/R002/R006/R008 same @BuzzFeedOz text,explicit_citation,quote with (via @cberkman),shared_upstream_verifiable,two-hop attribution BuzzFeedOz via cberkman,endorsement,echo,unknown,,REPLY_TIME_VERIFIABLE_CONTENT_UNKNOWN,two-level provenance in same text,1
SES-P0-047,unverified,putinmissing,b4e670a1a769c0a7,1,1,1,1,False,unknown,single row,unclear,,unknown,,other,unknown,unknown,,UNKNOWN,low signal,1
SES-P0-048,unverified,charliehebdo,d0a5687ac8f6c45d,19,7,15,19,False,paraphrase_candidate,R004 English RT; R010 Japanese paraphrase of same @RT_com item,explicit_citation,@RT_com cite,shared_upstream_verifiable,cross-language same upstream,endorsement,echo,unknown,,REPLY_TIME_VERIFIABLE_CONTENT_UNKNOWN,cross-language echo of same upstream,1
SES-P0-049,unverified,germanwings-crash,396b193a80cc9466,4,2,3,4,False,explicit_repetition,R001 verbatim RT @NYCAviation,explicit_citation,RT @NYCAviation,shared_upstream_verifiable,same upstream,endorsement,echo flight-id inference,unknown,,REPLY_TIME_VERIFIABLE_CONTENT_UNKNOWN,small echo,1
SES-P0-050,unverified,ottawashooting,b156b0a37c80e53c,6,4,5,6,False,explicit_repetition,R003/R004/R005 same @stefankeyesCTV text,explicit_citation,RT/quote @stefankeyesCTV,shared_upstream_verifiable,same journalist upstream,endorsement,echo hospital report,unknown,,REPLY_TIME_VERIFIABLE_CONTENT_UNKNOWN,small echo,1
SES-P0-051,unverified,prince-toronto,e07fef72c91129a9,4,3,4,4,False,unknown,rows not flagged,unclear,,unknown,,other,unknown,unknown,,UNKNOWN,low signal,1
SES-P0-052,unverified,gurlitt,9e349dd8ca2aa682,0,0,0,0,True,none,no reactions,none,,unknown,,unknown,unknown,unknown,,NO_CANDIDATE,zero-candidate,1
SES-P0-053,unverified,ferguson,3d1f12f1b015b552,21,17,18,21,False,explicit_repetition,R001 verbatim duplicate of source text at 0.0min,explicit_citation,source is @TheAnonMessage2; annotation carries 2 FOR news-media + 1 AGAINST social-media link,shared_upstream_verifiable,R001 same text at 0.0min; all rows reply to same @TheAnonMessage2 source,yes correction rows,yes,unknown,R013 cites store manager prior denial without link; underlying statement not located,REPLY_TIME_VERIFIABLE_CONTENT_UNKNOWN,usatoday FOR link has 2014-08-16 archive; correction itself remains unverified; fails all-item-verifiable rule,1
SES-P0-054,unverified,sydneysiege,2093d952e1338574,7,5,6,7,False,unknown,rows not flagged,unclear,,unknown,,other,unknown,unknown,,UNKNOWN,low signal,1
SES-P0-055,unverified,putinmissing,83096a3067abb69a,0,0,0,0,True,none,no reactions,none,,unknown,,unknown,unknown,unknown,,NO_CANDIDATE,zero-candidate,1
SES-P0-056,unverified,charliehebdo,b94e466f38d3a017,37,14,27,37,False,paraphrase_candidate,R001 quote @SkyNewsBreak AFP line,explicit_citation,quote @SkyNewsBreak,shared_upstream_verifiable,same upstream,clarification questions present,see content_role/notes,no,R015 caught-vs-located question (side claim); R009 uncertain assertion note,REPLY_TIME_VERIFIABLE_CONTENT_UNKNOWN,clarification questions rather than evidential correction; deep off-topic drift to depth 17,1
SES-P0-057,unverified,germanwings-crash,4e2683b8a43f00a9,0,0,0,0,True,none,no reactions,none,,unknown,,unknown,unknown,unknown,,NO_CANDIDATE,zero-candidate,1
SES-P0-058,unverified,ottawashooting,3efafe94cd50ad3c,2,1,2,2,False,explicit_repetition,R001 verbatim RT @CatherineCTV,explicit_citation,RT prefix,shared_upstream_verifiable,same upstream,endorsement,echo,unknown,,REPLY_TIME_VERIFIABLE_CONTENT_UNKNOWN,tiny echo,1
SES-P0-059,unverified,prince-toronto,775cdaa2689e0a0c,11,2,3,11,False,unknown,rows not flagged,unclear,,unknown,,other,unknown,unknown,,UNKNOWN,low signal,1
SES-P0-060,unverified,ferguson,a09c5e84570b1376,11,7,8,10,False,explicit_repetition,R005/R006/R007 RT @Whelp177 chain,explicit_citation,RT chain,shared_upstream_verifiable,same chain,opinion (source is satire),reactions argue with each other,unknown,,REPLY_TIME_VERIFIABLE_CONTENT_UNKNOWN,satire thread; R010 @356.77min off-topic link near 360 cutoff,1
