split,segment,events,rumor,nonrumor,rumor_ratio,source_only,ts_min_utc,ts_max_utc,topics_in_multiple_segments
60/20/20,train,3855,1672,2183,0.433722,440,2014-08-09T22:33:06+00:00,2015-01-07T12:42:42+00:00,1
60/20/20,validation,1285,156,1129,0.121401,48,2015-01-07T12:42:52+00:00,2015-01-09T09:00:04+00:00,1
60/20/20,test,1285,574,711,0.446693,189,2015-01-09T09:00:48+00:00,2015-03-27T20:17:38+00:00,1
70/10/20,train,4497,1732,2765,0.385146,466,2014-08-09T22:33:06+00:00,2015-01-08T00:15:31+00:00,1
70/10/20,validation,643,96,547,0.1493,22,2015-01-08T00:16:26+00:00,2015-01-09T09:00:04+00:00,1
70/10/20,test,1285,574,711,0.446693,189,2015-01-09T09:00:48+00:00,2015-03-27T20:17:38+00:00,1
70/15/15,train,4497,1732,2765,0.385146,466,2014-08-09T22:33:06+00:00,2015-01-08T00:15:31+00:00,1
70/15/15,validation,964,233,731,0.241701,36,2015-01-08T00:16:26+00:00,2015-01-09T14:13:28+00:00,1
70/15/15,test,964,437,527,0.45332,175,2015-01-09T14:13:40+00:00,2015-03-27T20:17:38+00:00,1
