case_id,evidence_id,target_claim_id,claim_role,provisional,source_kind,reply_offset_min,cutoff,tweet_presence,historical_content_state,attribution_state,dependency_state,support_state,evidence_ref,unknown_reason
SES-P0-001,SRC,G320-crash,root,1,source,,15;60;360,BEFORE_CUTOFF,NOT_APPLICABLE,UNKNOWN,NOT_APPLICABLE,UNKNOWN,annotation links 4x for/news-media,
SES-P0-001,"R002,R010",G320-crash,root,1,reaction,"2.22,8.48",15;60;360,BEFORE_CUTOFF,NOT_APPLICABLE,UNKNOWN,VERIFIED_COMMON_UPSTREAM,CONFIRMATION_ONLY,verbatim RT of @flightradar24 source,
SES-P0-001,R024-R028,G320-crash,context,1,reaction,21.42-22.10,60;360,BEFORE_CUTOFF,UNKNOWN,UNKNOWN,VERIFIED_COMMON_UPSTREAM,ASSERTION_ONLY,5 accounts share same blogspot URL at 21.4-22.1min; content unrelated to root claim; historical content not checked,historical content of cited material not verifiable (no archive / live-page drift / login wall)
SES-P0-002,SRC,OTT-statement,root,1,source,,15;60;360,BEFORE_CUTOFF,NOT_APPLICABLE,UNKNOWN,NOT_APPLICABLE,UNKNOWN,,
SES-P0-002,R001-R005,OTT-statement,context,1,reaction,1.08-412.62,NONE,BEFORE_CUTOFF,NOT_APPLICABLE,UNKNOWN,UNKNOWN,UNKNOWN,"all direct replies; no paraphrase/URL/correction signal; R003 notes NBC gives more detail (cross-media comparison, not correction)",
SES-P0-003,SRC,GURL-accept,root,1,source,,15;60;360,BEFORE_CUTOFF,NOT_APPLICABLE,UNKNOWN,NOT_APPLICABLE,UNKNOWN,,
SES-P0-003,ANN,GURL-accept,root,1,annotation_audit_only,,15;60;360,NOT_A_TWEET,UNKNOWN,NOT_APPLICABLE,NOT_APPLICABLE,UNKNOWN,"8 annotation links: 7 for + 1 against (museum media statement 21-11); audit-only, never deployable input; zero reactions",historical content of cited material not verifiable (no archive / live-page drift / login wall)
SES-P0-004,"R002,R003",FER-stop,root,1,reaction,"6.25,6.50",15;60;360,BEFORE_CUTOFF,NOT_APPLICABLE,UNKNOWN,VERIFIED_COMMON_UPSTREAM,CONFIRMATION_ONLY,chained RT of R001 echo,
SES-P0-004,R004,FER-stop,context,1,reaction,99.57,360,BEFORE_CUTOFF,NOT_APPLICABLE,UNKNOWN,UNKNOWN,ASSERTION_ONLY,stance reversal about shooting; not a fact correction of root,
SES-P0-005,R002,SYD-activity,root,1,reaction,8.02,15;60;360,BEFORE_CUTOFF,NOT_APPLICABLE,UNKNOWN,VERIFIED_COMMON_UPSTREAM,CONFIRMATION_ONLY,verbatim RT @BuzzFeedNews; source itself is @BuzzFeedNews citing @abcnews,
SES-P0-007,"R004-R006,R010,R011",G320-toll,context,1,reaction,7.13-27.52,60;360,BEFORE_CUTOFF,UNKNOWN,UNKNOWN,VERIFIED_COMMON_UPSTREAM,CONFIRMATION_ONLY,"5 users share bbc.in/1LSgxjV (Hollande nationalities item = SIDE claim, not root toll)",historical content of cited material not verifiable (no archive / live-page drift / login wall)
SES-P0-007,"R002,R003,R012,R017",G320-toll,root,1,reaction,2.97-67.03,360,BEFORE_CUTOFF,UNKNOWN,UNKNOWN,VERIFIED_COMMON_UPSTREAM,CONFIRMATION_ONLY,4 users share bbc.in/1EMTxMz restate same 144+6 toll from same BBC outlet,historical content of cited material not verifiable (no archive / live-page drift / login wall)
SES-P0-007,R008,G320-toll,side,1,reaction,14.38,15;60;360,BEFORE_CUTOFF,UNKNOWN,UNKNOWN,UNKNOWN,SIDE_CLAIM_ONLY,requests correction of victim nationalities (side claim); root toll untouched; link content not archived,historical content of cited material not verifiable (no archive / live-page drift / login wall)
SES-P0-007,R012,G320-toll,root,1,reaction,28.37,60;360,BEFORE_CUTOFF,UNKNOWN,UNKNOWN,VERIFIED_COMMON_UPSTREAM,CONFIRMATION_ONLY,Japanese 'kousei' note restates same 144+6 from same BBC item; restatement not independent correction,historical content of cited material not verifiable (no archive / live-page drift / login wall)
SES-P0-008,R001-R019,OTT-soldier,root,1,reaction,0.82-179.55,360,BEFORE_CUTOFF,NOT_APPLICABLE,UNKNOWN,VERIFIED_COMMON_UPSTREAM,CONFIRMATION_ONLY,"large same-text RT cluster of one @CNN tweet; pure echo, no correction",
SES-P0-010,R001,FER-stop2,root,1,reaction,0.0,15;60;360,BEFORE_CUTOFF,NOT_APPLICABLE,UNKNOWN,VERIFIED_COMMON_UPSTREAM,CONFIRMATION_ONLY,verbatim duplicate of source text,
SES-P0-010,"R076,R078",FER-stop2,context,1,reaction,"370.08,380.75",NONE,AFTER_CUTOFF,NOT_APPLICABLE,UNKNOWN,UNKNOWN,ASSERTION_ONLY,disagreement/video-fake question after 360min; outside all cutoffs,
SES-P0-014,"R008,R010",OTT-photo,context,1,reaction,"6.27,7.22",15;60;360,BEFORE_CUTOFF,NOT_APPLICABLE,UNKNOWN,UNKNOWN,QUESTION_ONLY,attribution/source verification questions; no material cited,
SES-P0-014,R017,OTT-photo,root,1,reaction,10.75,15;60;360,BEFORE_CUTOFF,NOT_APPLICABLE,UNKNOWN,VERIFIED_COMMON_UPSTREAM,CONFIRMATION_ONLY,answers R010 citing CBC TV/police = same outlet chain as the echo; confirmation not independent correction,
SES-P0-014,R024,OTT-photo,context,1,reaction,53.0,60;360,BEFORE_CUTOFF,NOT_APPLICABLE,UNKNOWN,UNKNOWN,ASSERTION_ONLY,retraces earlier claim chain (photo claimed from extremist account),
SES-P0-021,SRC,G320-toll2,root,1,source,,15;60;360,BEFORE_CUTOFF,NOT_APPLICABLE,UNKNOWN,NOT_APPLICABLE,UNKNOWN,toll 142+2+4 differs from later 144+6; no reactions at any cutoff so no in-tree correction,
SES-P0-022,SRC,ESS-denial,root,1,source,,15;60;360,BEFORE_CUTOFF,NOT_APPLICABLE,UNKNOWN,NOT_APPLICABLE,UNKNOWN,"source post itself is the club denial; thread V=false refers to the rumour claim, label-content mismatch recorded",
SES-P0-022,"R002,R003",ESS-denial,root,1,reaction,"7.10,13.98",15;60;360,BEFORE_CUTOFF,UNKNOWN,UNKNOWN,VERIFIED_COMMON_UPSTREAM,CONFIRMATION_ONLY,R003 cites acmilan.com link = same club chain as source; no independent new upstream,historical content of cited material not verifiable (no archive / live-page drift / login wall)
SES-P0-022,ANN,ESS-denial,root,1,annotation_audit_only,,15;60;360,NOT_A_TWEET,UNKNOWN,NOT_APPLICABLE,NOT_APPLICABLE,UNKNOWN,4 AGAINST links (player Instagram + 3 media); audit-only,historical content of cited material not verifiable (no archive / live-page drift / login wall)
SES-P0-023,R001,OTT-3scenes,root,1,reaction,3.40,15;60;360,BEFORE_CUTOFF,NOT_APPLICABLE,UNKNOWN,VERIFIED_COMMON_UPSTREAM,CONFIRMATION_ONLY,restates @ErinAnderssen source text,
SES-P0-024,ANN,PRIN-show,root,1,annotation_audit_only,,15;60;360,NOT_A_TWEET,UNKNOWN,NOT_APPLICABLE,NOT_APPLICABLE,UNKNOWN,annotation carries AGAINST (LiveNation Facebook) but zero reactions; audit-only,historical content of cited material not verifiable (no archive / live-page drift / login wall)
SES-P0-026,"R002,R004,R008,R014",SYD-airspace,root,1,reaction,1.22-78.62,360,BEFORE_CUTOFF,CURRENT_ONLY,UNKNOWN,VERIFIED_COMMON_UPSTREAM,CONFIRMATION_ONLY,4 users share cbc.ca/1.2873068; that URL TODAY resolves to a different story (victims identified) -> content identity at cutoff UNKNOWN; short link not archived,
SES-P0-026,R001,SYD-airspace,root,1,reaction,0.40,15;60;360,BEFORE_CUTOFF,NOT_APPLICABLE,UNKNOWN,UNKNOWN,ASSERTION_ONLY,asserts airspace not closed; no link/material; statement itself now consistent with record but historical material absent,
SES-P0-026,R007,SYD-airspace,root,1,reaction,10.20,15;60;360,BEFORE_CUTOFF,NOT_APPLICABLE,UNKNOWN,UNKNOWN,QUESTION_ONLY,asks to check sources and offers TFR alternative; no cited material,
SES-P0-026,R015,SYD-airspace,side,1,reaction,151.93,360,BEFORE_CUTOFF,NOT_APPLICABLE,UNKNOWN,UNKNOWN,QUESTION_ONLY,flags unsubstantiated ISIS-style-flag side claim,
SES-P0-028,R001,CH-fatality,root,1,reaction,3.65,15;60;360,BEFORE_CUTOFF,NOT_APPLICABLE,UNKNOWN,VERIFIED_COMMON_UPSTREAM,CONFIRMATION_ONLY,quote of @BBCBreaking source text,
SES-P0-028,R003,CH-fatality,root,1,reaction,11.28,15;60;360,BEFORE_CUTOFF,UNKNOWN,UNKNOWN,VERIFIED_DISTINCT_UPSTREAM_CANDIDATE,SUPPORTED_CORRECTION_CANDIDATE,"prosecutor-denial item with bbc.in/14ulyLt link; short link not archived, current redirect is a live page -> historical content UNKNOWN",historical content of cited material not verifiable (no archive / live-page drift / login wall)
SES-P0-028,R004,CH-fatality,root,1,reaction,14.42,15;60;360,BEFORE_CUTOFF,NOT_APPLICABLE,UNKNOWN,UNKNOWN,CONFIRMATION_ONLY,"in-tree reply to R003 restating same correction; propagation, NOT a new independent support",
SES-P0-028,R006,CH-fatality,context,1,reaction,22.10,60;360,BEFORE_CUTOFF,UNKNOWN,UNKNOWN,UNKNOWN,ASSERTION_ONLY,awd-news conspiracy link; unreliable material,historical content of cited material not verifiable (no archive / live-page drift / login wall)
SES-P0-029,ANN,G320-convert,root,1,annotation_audit_only,,15;60;360,NOT_A_TWEET,UNKNOWN,NOT_APPLICABLE,NOT_APPLICABLE,UNKNOWN,annotation carries AGAINST blog debunk; in-tree rows never cite it inside cutoffs; R017 denial at 521.6min is AFTER_CUTOFF,historical content of cited material not verifiable (no archive / live-page drift / login wall)
SES-P0-030,R001-R019,ESS-ebola,root,1,reaction,5.75-85.82,360,BEFORE_CUTOFF,NOT_APPLICABLE,UNKNOWN,VERIFIED_COMMON_UPSTREAM,CONFIRMATION_ONLY,large verbatim quote cluster of rumour origin @YuryAlkaev,
SES-P0-030,"R009,R010,R020",ESS-ebola,root,1,reaction,35.18-85.82,360,BEFORE_CUTOFF,NOT_APPLICABLE,UNKNOWN,UNKNOWN,ASSERTION_ONLY,forged club-spokesman quote propagating the rumour; misinformation amplification inside tree,
SES-P0-030,R016,ESS-ebola,root,1,reaction,78.48,360,BEFORE_CUTOFF,NOT_APPLICABLE,UNKNOWN,UNKNOWN,QUESTION_ONLY,demands source; no material,
SES-P0-030,"R004,R017",ESS-ebola,root,1,reaction,"14.03,84.35",360,BEFORE_CUTOFF,NOT_APPLICABLE,UNKNOWN,UNKNOWN,ASSERTION_ONLY,assertion-only disbelief (no cited material),
SES-P0-036,R002-R019,CH-banksy,root,1,reaction,2.05-232.18,360,BEFORE_CUTOFF,NOT_APPLICABLE,UNKNOWN,VERIFIED_COMMON_UPSTREAM,CONFIRMATION_ONLY,long same-text echo of @HuffPostCanada across 4h,
SES-P0-036,ANN,CH-banksy,root,1,annotation_audit_only,,15;60;360,NOT_A_TWEET,UNKNOWN,NOT_APPLICABLE,NOT_APPLICABLE,UNKNOWN,"annotation: 2 FOR + 1 observing + 2 AGAINST (fake-attribution debunks); audit-only, never cited in tree",historical content of cited material not verifiable (no archive / live-page drift / login wall)
SES-P0-041,"R004,R005,R007,R008,R009,R010,R012",G320-depr,root,1,reaction,7.05-245.60,360,BEFORE_CUTOFF,NOT_APPLICABLE,UNKNOWN,VERIFIED_COMMON_UPSTREAM,CONFIRMATION_ONLY,"7 users share usat.ly/1bAjjKo quoting same @USATODAY item; clean echo cluster, no correction",
SES-P0-042,R002,OTT-lockdown,root,1,reaction,8.87,15;60;360,BEFORE_CUTOFF,NOT_APPLICABLE,UNKNOWN,VERIFIED_COMMON_UPSTREAM,CONFIRMATION_ONLY,RT @WSJLive echo,
SES-P0-042,R004,OTT-lockdown,side,1,reaction,11.62,15;60;360,BEFORE_CUTOFF,NOT_APPLICABLE,UNKNOWN,UNKNOWN,SIDE_CLAIM_ONLY,corrects SIDE claim injured->died; root lockdown claim untouched; no material,
SES-P0-053,R001,FER-robbery,root,1,reaction,0.0,15;60;360,BEFORE_CUTOFF,NOT_APPLICABLE,UNKNOWN,VERIFIED_COMMON_UPSTREAM,CONFIRMATION_ONLY,verbatim duplicate of @TheAnonMessage2 source text,
SES-P0-053,"R005,R011,R012,R017",FER-robbery,root,1,reaction,1.37-10.62,15;60;360,BEFORE_CUTOFF,NOT_APPLICABLE,UNKNOWN,UNKNOWN,ASSERTION_ONLY,denial/question rows without cited material,
SES-P0-053,R013,FER-robbery,root,1,reaction,9.03,15;60;360,BEFORE_CUTOFF,UNKNOWN,UNKNOWN,UNKNOWN,INSUFFICIENT,cites store manager prior denial but no link; underlying statement not located,historical content of cited material not verifiable (no archive / live-page drift / login wall)
SES-P0-053,ANN,FER-robbery,root,1,annotation_audit_only,,15;60;360,NOT_A_TWEET,UNKNOWN,NOT_APPLICABLE,NOT_APPLICABLE,UNKNOWN,2 FOR news-media (usatoday archived 2014-08-16) + 1 AGAINST youtube; audit-only,historical content of cited material not verifiable (no archive / live-page drift / login wall)
SES-P0-056,R001,CH-located,root,1,reaction,0.50,15;60;360,BEFORE_CUTOFF,NOT_APPLICABLE,UNKNOWN,VERIFIED_COMMON_UPSTREAM,CONFIRMATION_ONLY,quote of @SkyNewsBreak source text,
SES-P0-056,R015,CH-located,side,1,reaction,16.70,60;360,BEFORE_CUTOFF,NOT_APPLICABLE,UNKNOWN,UNKNOWN,QUESTION_ONLY,asks caught-vs-located distinction on side claim,
SES-P0-056,R009,CH-located,root,1,reaction,5.62,15;60;360,BEFORE_CUTOFF,NOT_APPLICABLE,UNKNOWN,UNKNOWN,ASSERTION_ONLY,"uncertain prior-surrender note, self-flagged unsure, no material",
SES-P0-044,SRC,GURL-will,root,1,source,,15;60;360,BEFORE_CUTOFF,NOT_APPLICABLE,UNKNOWN,NOT_APPLICABLE,UNKNOWN,zero reactions; annotation 1 FOR link (DW) audit-only,
