case_id,v_class,topic,cutoff,root_claim,common_upstream_evidence,correction_target_claim,correction_support_evidence,upstream_relation,historical_availability,meets_original_gate,reason,provisional
SES-P0-001,true,germanwings-crash,15,Germanwings A320 4U9525 lost at 6800ft near Digne,RT of @flightradar24 + blogspot URL cluster 21.4-22.1min (outside 15min),none observed,,VERIFIED_COMMON_UPSTREAM,UNKNOWN,NO,no correction row at any cutoff,1
SES-P0-001,true,germanwings-crash,60,Germanwings A320 4U9525 lost at 6800ft near Digne,RT of @flightradar24 + blogspot URL cluster 21.4-22.1min (outside 15min),none observed,,VERIFIED_COMMON_UPSTREAM,UNKNOWN,NO,no correction row at any cutoff,1
SES-P0-001,true,germanwings-crash,360,Germanwings A320 4U9525 lost at 6800ft near Digne,RT of @flightradar24 + blogspot URL cluster 21.4-22.1min (outside 15min),none observed,,VERIFIED_COMMON_UPSTREAM,UNKNOWN,NO,no correction row at any cutoff,1
SES-P0-002,true,ottawashooting,15,Harper to make statement after gunman shot dead; PM safe,none,none,,UNKNOWN,UNKNOWN,NO,replies are reactions; no paraphrase/URL/correction,1
SES-P0-002,true,ottawashooting,60,Harper to make statement after gunman shot dead; PM safe,none,none,,UNKNOWN,UNKNOWN,NO,replies are reactions; no paraphrase/URL/correction,1
SES-P0-002,true,ottawashooting,360,Harper to make statement after gunman shot dead; PM safe,none,none,,UNKNOWN,UNKNOWN,NO,replies are reactions; no paraphrase/URL/correction,1
SES-P0-003,true,gurlitt,15,Swiss museum accepts Gurlitt art bequest,none (zero reactions),none,,UNKNOWN,UNKNOWN,NO,no_candidate all cutoffs; annotation AGAINST exists audit-only,1
SES-P0-003,true,gurlitt,60,Swiss museum accepts Gurlitt art bequest,none (zero reactions),none,,UNKNOWN,UNKNOWN,NO,no_candidate all cutoffs; annotation AGAINST exists audit-only,1
SES-P0-003,true,gurlitt,360,Swiss museum accepts Gurlitt art bequest,none (zero reactions),none,,UNKNOWN,UNKNOWN,NO,no_candidate all cutoffs; annotation AGAINST exists audit-only,1
SES-P0-004,true,ferguson,15,Police chief: stopped for walking/blocking traffic,chained RT echo,"none (R004 stance, not fact)",,UNKNOWN,UNKNOWN,NO,no fact correction,1
SES-P0-004,true,ferguson,60,Police chief: stopped for walking/blocking traffic,chained RT echo,"none (R004 stance, not fact)",,UNKNOWN,UNKNOWN,NO,no fact correction,1
SES-P0-004,true,ferguson,360,Police chief: stopped for walking/blocking traffic,chained RT echo,"none (R004 stance, not fact)",,UNKNOWN,UNKNOWN,NO,no fact correction,1
SES-P0-005,true,sydneysiege,15,Heavy police activity at Sydney cafe; many shots fired,verbatim RT @BuzzFeedNews,none,,UNKNOWN,UNKNOWN,NO,echo only,1
SES-P0-005,true,sydneysiege,60,Heavy police activity at Sydney cafe; many shots fired,verbatim RT @BuzzFeedNews,none,,UNKNOWN,UNKNOWN,NO,echo only,1
SES-P0-005,true,sydneysiege,360,Heavy police activity at Sydney cafe; many shots fired,verbatim RT @BuzzFeedNews,none,,UNKNOWN,UNKNOWN,NO,echo only,1
SES-P0-007,true,germanwings-crash,15,144 passengers + 6 crew on board crashed 4U9525,two BBC URL clusters 4x+5x,side-claim nationality correction (R008); restatement kousei (R012),,VERIFIED_COMMON_UPSTREAM,"AFTER_CUTOFF_ONLY (same-day 17:35 snapshot of live page, later than 13:07)",NO,corrections target SIDE claims or restate root from same outlet; not independent root correction,1
SES-P0-007,true,germanwings-crash,60,144 passengers + 6 crew on board crashed 4U9525,two BBC URL clusters 4x+5x,side-claim nationality correction (R008); restatement kousei (R012),,VERIFIED_COMMON_UPSTREAM,"AFTER_CUTOFF_ONLY (same-day 17:35 snapshot of live page, later than 13:07)",NO,corrections target SIDE claims or restate root from same outlet; not independent root correction,1
SES-P0-007,true,germanwings-crash,360,144 passengers + 6 crew on board crashed 4U9525,two BBC URL clusters 4x+5x,side-claim nationality correction (R008); restatement kousei (R012),,VERIFIED_COMMON_UPSTREAM,"AFTER_CUTOFF_ONLY (same-day 17:35 snapshot of live page, later than 13:07)",NO,corrections target SIDE claims or restate root from same outlet; not independent root correction,1
SES-P0-008,true,ottawashooting,15,Canadian soldier shot at War Memorial has died,same-text RT cluster of one @CNN tweet,none,,UNKNOWN,UNKNOWN,NO,pure echo,1
SES-P0-008,true,ottawashooting,60,Canadian soldier shot at War Memorial has died,same-text RT cluster of one @CNN tweet,none,,UNKNOWN,UNKNOWN,NO,pure echo,1
SES-P0-008,true,ottawashooting,360,Canadian soldier shot at War Memorial has died,same-text RT cluster of one @CNN tweet,none,,UNKNOWN,UNKNOWN,NO,pure echo,1
SES-P0-010,true,ferguson,15,"Chief: stopped for walking in road, not cigar suspicion",verbatim duplicate at 0.0min,challenges only AFTER_CUTOFF,,UNKNOWN,UNKNOWN,NO,inside cutoffs echo only,1
SES-P0-010,true,ferguson,60,"Chief: stopped for walking in road, not cigar suspicion",verbatim duplicate at 0.0min,challenges only AFTER_CUTOFF,,UNKNOWN,UNKNOWN,NO,inside cutoffs echo only,1
SES-P0-010,true,ferguson,360,"Chief: stopped for walking in road, not cigar suspicion",verbatim duplicate at 0.0min,challenges only AFTER_CUTOFF,,UNKNOWN,UNKNOWN,NO,inside cutoffs echo only,1
SES-P0-014,true,ottawashooting,15,Photo shows gunman Michael Zehaf-Bibeau,quote cluster of @CBCOttawa,attribution questions answered by same-outlet confirmation,,VERIFIED_COMMON_UPSTREAM,UNKNOWN,NO,questions + confirmation from same chain; no independent upstream correction,1
SES-P0-014,true,ottawashooting,60,Photo shows gunman Michael Zehaf-Bibeau,quote cluster of @CBCOttawa,attribution questions answered by same-outlet confirmation,,VERIFIED_COMMON_UPSTREAM,UNKNOWN,NO,questions + confirmation from same chain; no independent upstream correction,1
SES-P0-014,true,ottawashooting,360,Photo shows gunman Michael Zehaf-Bibeau,quote cluster of @CBCOttawa,attribution questions answered by same-outlet confirmation,,VERIFIED_COMMON_UPSTREAM,UNKNOWN,NO,questions + confirmation from same chain; no independent upstream correction,1
SES-P0-021,false,germanwings-crash,15,"A320 carried 142 passengers, 2 pilots, 4 crew",none (zero reactions),none,,UNKNOWN,UNKNOWN,NO,no_candidate all cutoffs,1
SES-P0-021,false,germanwings-crash,60,"A320 carried 142 passengers, 2 pilots, 4 crew",none (zero reactions),none,,UNKNOWN,UNKNOWN,NO,no_candidate all cutoffs,1
SES-P0-021,false,germanwings-crash,360,"A320 carried 142 passengers, 2 pilots, 4 crew",none (zero reactions),none,,UNKNOWN,UNKNOWN,NO,no_candidate all cutoffs,1
SES-P0-022,false,ebola-essien,15,Milan states Essien-Ebola reports are false (thread V refers to rumour 'Essien has Ebola'),quote of @Milanello denial,none (source itself is the denial; R003 cites same club chain),,VERIFIED_COMMON_UPSTREAM,UNKNOWN,NO,no in-tree correction of the underlying rumour; label-content mismatch,1
SES-P0-022,false,ebola-essien,60,Milan states Essien-Ebola reports are false (thread V refers to rumour 'Essien has Ebola'),quote of @Milanello denial,none (source itself is the denial; R003 cites same club chain),,VERIFIED_COMMON_UPSTREAM,UNKNOWN,NO,no in-tree correction of the underlying rumour; label-content mismatch,1
SES-P0-022,false,ebola-essien,360,Milan states Essien-Ebola reports are false (thread V refers to rumour 'Essien has Ebola'),quote of @Milanello denial,none (source itself is the denial; R003 cites same club chain),,VERIFIED_COMMON_UPSTREAM,UNKNOWN,NO,no in-tree correction of the underlying rumour; label-content mismatch,1
SES-P0-023,false,ottawashooting,15,Police investigating 3 shooting scenes,restatement of source,none,,UNKNOWN,UNKNOWN,NO,echo only,1
SES-P0-023,false,ottawashooting,60,Police investigating 3 shooting scenes,restatement of source,none,,UNKNOWN,UNKNOWN,NO,echo only,1
SES-P0-023,false,ottawashooting,360,Police investigating 3 shooting scenes,restatement of source,none,,UNKNOWN,UNKNOWN,NO,echo only,1
SES-P0-024,false,prince-toronto,15,Prince surprise show at Massey Hall tonight,none (joke replies),none,,UNKNOWN,UNKNOWN,NO,annotation AGAINST audit-only; zero in-tree correction,1
SES-P0-024,false,prince-toronto,60,Prince surprise show at Massey Hall tonight,none (joke replies),none,,UNKNOWN,UNKNOWN,NO,annotation AGAINST audit-only; zero in-tree correction,1
SES-P0-024,false,prince-toronto,360,Prince surprise show at Massey Hall tonight,none (joke replies),none,,UNKNOWN,UNKNOWN,NO,annotation AGAINST audit-only; zero in-tree correction,1
SES-P0-026,false,sydneysiege,15,Sydney airspace closed (side claims: Opera House evacuated; ISIS-style flag),cbc.ca URL shared by 4 users (content identity at cutoff UNKNOWN),R001 assertion 'airspace isn't closed' @0.4min; R007 source-check question; R015 side-claim flag question,,VERIFIED_COMMON_UPSTREAM,AFTER_CUTOFF_ONLY (next-day snapshot; page title already changed),UNKNOWN,correction is assertion-only without verifiable material; URL content at cutoff UNKNOWN; fails all-item-verifiable rule,1
SES-P0-026,false,sydneysiege,60,Sydney airspace closed (side claims: Opera House evacuated; ISIS-style flag),cbc.ca URL shared by 4 users (content identity at cutoff UNKNOWN),R001 assertion 'airspace isn't closed' @0.4min; R007 source-check question; R015 side-claim flag question,,VERIFIED_COMMON_UPSTREAM,AFTER_CUTOFF_ONLY (next-day snapshot; page title already changed),UNKNOWN,correction is assertion-only without verifiable material; URL content at cutoff UNKNOWN; fails all-item-verifiable rule,1
SES-P0-026,false,sydneysiege,360,Sydney airspace closed (side claims: Opera House evacuated; ISIS-style flag),cbc.ca URL shared by 4 users (content identity at cutoff UNKNOWN),R001 assertion 'airspace isn't closed' @0.4min; R007 source-check question; R015 side-claim flag question,,VERIFIED_COMMON_UPSTREAM,AFTER_CUTOFF_ONLY (next-day snapshot; page title already changed),UNKNOWN,correction is assertion-only without verifiable material; URL content at cutoff UNKNOWN; fails all-item-verifiable rule,1
SES-P0-028,false,charliehebdo,15,At least one person killed in Dammartin shootout,quote of @BBCBreaking source text,R003 prosecutor-denial with bbc.in link @11.28min (distinct-upstream candidate); R004 in-tree propagation,,VERIFIED_DISTINCT_UPSTREAM_CANDIDATE,"AFTER_CUTOFF_ONLY (same-day 22:17 snapshot of live page, later than 09:26)",UNKNOWN,strongest case; but cited link resolves to a live page whose same-day 22:17 snapshot postdates the 09:26 correction row; historical material UNKNOWN; fails all-item-verifiable rule,1
SES-P0-028,false,charliehebdo,60,At least one person killed in Dammartin shootout,quote of @BBCBreaking source text,R003 prosecutor-denial with bbc.in link @11.28min (distinct-upstream candidate); R004 in-tree propagation,,VERIFIED_DISTINCT_UPSTREAM_CANDIDATE,"AFTER_CUTOFF_ONLY (same-day 22:17 snapshot of live page, later than 09:26)",UNKNOWN,strongest case; but cited link resolves to a live page whose same-day 22:17 snapshot postdates the 09:26 correction row; historical material UNKNOWN; fails all-item-verifiable rule,1
SES-P0-028,false,charliehebdo,360,At least one person killed in Dammartin shootout,quote of @BBCBreaking source text,R003 prosecutor-denial with bbc.in link @11.28min (distinct-upstream candidate); R004 in-tree propagation,,VERIFIED_DISTINCT_UPSTREAM_CANDIDATE,"AFTER_CUTOFF_ONLY (same-day 22:17 snapshot of live page, later than 09:26)",UNKNOWN,strongest case; but cited link resolves to a live page whose same-day 22:17 snapshot postdates the 09:26 correction row; historical material UNKNOWN; fails all-item-verifiable rule,1
SES-P0-029,false,germanwings-crash,15,Co-pilot was Muslim convert,RT @daxtonbrown echo,denial only AFTER_CUTOFF (R017 @521.6min),,UNKNOWN,UNKNOWN,NO,no in-cutoff correction; AGAINST debunk exists only in annotation,1
SES-P0-029,false,germanwings-crash,60,Co-pilot was Muslim convert,RT @daxtonbrown echo,denial only AFTER_CUTOFF (R017 @521.6min),,UNKNOWN,UNKNOWN,NO,no in-cutoff correction; AGAINST debunk exists only in annotation,1
SES-P0-029,false,germanwings-crash,360,Co-pilot was Muslim convert,RT @daxtonbrown echo,denial only AFTER_CUTOFF (R017 @521.6min),,UNKNOWN,UNKNOWN,NO,no in-cutoff correction; AGAINST debunk exists only in annotation,1
SES-P0-030,false,ebola-essien,15,"Essien contracted Ebola, club confirmed",large verbatim echo cluster of rumour origin,assertion-only disbelief + source-demand; forged quote propagates,,VERIFIED_COMMON_UPSTREAM,UNKNOWN,NO,no evidential correction inside tree; annotation AGAINST never cited,1
SES-P0-030,false,ebola-essien,60,"Essien contracted Ebola, club confirmed",large verbatim echo cluster of rumour origin,assertion-only disbelief + source-demand; forged quote propagates,,VERIFIED_COMMON_UPSTREAM,UNKNOWN,NO,no evidential correction inside tree; annotation AGAINST never cited,1
SES-P0-030,false,ebola-essien,360,"Essien contracted Ebola, club confirmed",large verbatim echo cluster of rumour origin,assertion-only disbelief + source-demand; forged quote propagates,,VERIFIED_COMMON_UPSTREAM,UNKNOWN,NO,no evidential correction inside tree; annotation AGAINST never cited,1
SES-P0-036,false,charliehebdo,15,Drawing circulating is by Banksy,long same-text echo @HuffPostCanada,none in tree (AGAINST debunks annotation-only),,UNKNOWN,UNKNOWN,NO,echo only,1
SES-P0-036,false,charliehebdo,60,Drawing circulating is by Banksy,long same-text echo @HuffPostCanada,none in tree (AGAINST debunks annotation-only),,UNKNOWN,UNKNOWN,NO,echo only,1
SES-P0-036,false,charliehebdo,360,Drawing circulating is by Banksy,long same-text echo @HuffPostCanada,none in tree (AGAINST debunks annotation-only),,UNKNOWN,UNKNOWN,NO,echo only,1
SES-P0-041,unverified,germanwings-crash,15,German media report co-pilot had serious depressive episode,usat.ly URL shared by 7 users,none,,VERIFIED_COMMON_UPSTREAM,CURRENT_ONLY,NO,clean echo cluster,1
SES-P0-041,unverified,germanwings-crash,60,German media report co-pilot had serious depressive episode,usat.ly URL shared by 7 users,none,,VERIFIED_COMMON_UPSTREAM,CURRENT_ONLY,NO,clean echo cluster,1
SES-P0-041,unverified,germanwings-crash,360,German media report co-pilot had serious depressive episode,usat.ly URL shared by 7 users,none,,VERIFIED_COMMON_UPSTREAM,CURRENT_ONLY,NO,clean echo cluster,1
SES-P0-042,unverified,ottawashooting,15,Parliament locked down; at least one guard injured (side: guard died),RT @WSJLive echo,R004 side-claim correction injured->died @11.62min,,UNKNOWN,UNKNOWN,NO,side-claim only; root untouched; no material,1
SES-P0-042,unverified,ottawashooting,60,Parliament locked down; at least one guard injured (side: guard died),RT @WSJLive echo,R004 side-claim correction injured->died @11.62min,,UNKNOWN,UNKNOWN,NO,side-claim only; root untouched; no material,1
SES-P0-042,unverified,ottawashooting,360,Parliament locked down; at least one guard injured (side: guard died),RT @WSJLive echo,R004 side-claim correction injured->died @11.62min,,UNKNOWN,UNKNOWN,NO,side-claim only; root untouched; no material,1
SES-P0-043,unverified,prince-toronto,15,Picture shows Prince stage being set up at Massey Hall,none (zero reactions),none,,UNKNOWN,UNKNOWN,NO,no_candidate all cutoffs,1
SES-P0-043,unverified,prince-toronto,60,Picture shows Prince stage being set up at Massey Hall,none (zero reactions),none,,UNKNOWN,UNKNOWN,NO,no_candidate all cutoffs,1
SES-P0-043,unverified,prince-toronto,360,Picture shows Prince stage being set up at Massey Hall,none (zero reactions),none,,UNKNOWN,UNKNOWN,NO,no_candidate all cutoffs,1
SES-P0-044,unverified,gurlitt,15,Gurlitt not mentally fit to write will,none (zero reactions),none,,UNKNOWN,UNKNOWN,NO,no_candidate,1
SES-P0-044,unverified,gurlitt,60,Gurlitt not mentally fit to write will,none (zero reactions),none,,UNKNOWN,UNKNOWN,NO,no_candidate,1
SES-P0-044,unverified,gurlitt,360,Gurlitt not mentally fit to write will,none (zero reactions),none,,UNKNOWN,UNKNOWN,NO,no_candidate,1
SES-P0-053,unverified,ferguson,15,Mike Brown connected to earlier robbery per documents,verbatim duplicate at 0.0min,R013 cites store manager prior denial @9.03min without link,,UNKNOWN,UNKNOWN,UNKNOWN,correction cites unlinked prior statement; underlying manager denial not located; fails all-item-verifiable rule,1
SES-P0-053,unverified,ferguson,60,Mike Brown connected to earlier robbery per documents,verbatim duplicate at 0.0min,R013 cites store manager prior denial @9.03min without link,,UNKNOWN,UNKNOWN,UNKNOWN,correction cites unlinked prior statement; underlying manager denial not located; fails all-item-verifiable rule,1
SES-P0-053,unverified,ferguson,360,Mike Brown connected to earlier robbery per documents,verbatim duplicate at 0.0min,R013 cites store manager prior denial @9.03min without link,,UNKNOWN,UNKNOWN,UNKNOWN,correction cites unlinked prior statement; underlying manager denial not located; fails all-item-verifiable rule,1
SES-P0-056,unverified,charliehebdo,15,Two suspects located in northern France (side: caught vs located),quote @SkyNewsBreak echo,R015 caught-vs-located distinction question; R009 uncertain correction note,,UNKNOWN,UNKNOWN,NO,questions/uncertain notes; no evidential material,1
SES-P0-056,unverified,charliehebdo,60,Two suspects located in northern France (side: caught vs located),quote @SkyNewsBreak echo,R015 caught-vs-located distinction question; R009 uncertain correction note,,UNKNOWN,UNKNOWN,NO,questions/uncertain notes; no evidential material,1
SES-P0-056,unverified,charliehebdo,360,Two suspects located in northern France (side: caught vs located),quote @SkyNewsBreak echo,R015 caught-vs-located distinction question; R009 uncertain correction note,,UNKNOWN,UNKNOWN,NO,questions/uncertain notes; no evidential material,1
